[
	{
		"_id": "b-10",
		"_parentId": "a-01",
		"_type": "block",
		"_classes": "",
		"_trackingId": 0,
		"_trickle": {
			"_isEnabled":false
		}
	},
	{
		"_id": "b-30",
		"_parentId": "a-01",
		"_type": "block",
		"_classes": "section-banner inverted",
		"_trackingId": 2,
		"_trickle": {
			"_isEnabled":false
		}
	},
	{
		"_id": "b-40",
		"_parentId": "a-01",
		"_type": "block",
		"_classes": "",
		"_trackingId": 3,
		"_trickle": {
			"_isEnabled":false
		}
	},
	{
		"_id": "b-50",
		"_parentId": "a-01",
		"_type": "block",
		"_classes": "inverted",
		"_trackingId": 4,
		"_trickle": {
			"_isEnabled":false
		}
	},
	{
		"_id": "b-55",
		"_parentId": "a-01",
		"_type": "block",
		"_classes": "",
		"_trackingId": 5,
		"_trickle": {
			"_isEnabled":false
		}
	},
	{
		"_id": "b-60",
		"_parentId": "a-01",
		"_type": "block",
		"_classes": "section-banner inverted",
		"_trackingId": 6,
		"_trickle": {
			"_isEnabled":false
		}
	},
	{
		"_id": "b-62",
		"_parentId": "a-01",
		"_type": "block",
		"_classes": "",
		"_trackingId": 6,
		"_trickle": {
			"_isEnabled":false
		}
	},
	{
		"_id": "b-65",
		"_parentId": "a-01",
		"_type": "block",
		"_classes": "inverted",
		"_trackingId": 7,
		"_trickle": {
			"_isEnabled":false
		}
	},
	{
		"_id": "b-70",
		"_parentId": "a-01",
		"_type": "block",
		"_classes": "section-banner",
		"_trackingId": 8,
		"_trickle": {
			"_isEnabled":false
		}
	},
	{
		"_id": "b-75",
		"_parentId": "a-01",
		"_type": "block",
		"_classes": "inverted",
		"_trackingId": 9,
		"_trickle": {
			"_isEnabled":false
		}
	},
	{
		"_id": "b-80",
		"_parentId": "a-01",
		"_type": "block",
		"_classes": "",
		"_trackingId": 11,
		"_trickle": {
			"_isEnabled":false
		}
	},
	{
		"_id": "b-85",
		"_parentId": "a-01",
		"_type": "block",
		"_classes": "inverted",
		"_trackingId": 12,
		"_trickle": {
			"_isEnabled":false
		}
	},
	{
		"_id": "b-90",
		"_parentId": "a-01",
		"_type": "block",
		"_classes": "",
		"_trackingId": 13,
		"_trickle": {
			"_isEnabled":false
		}
	},
	{
		"_id": "b-95",
		"_parentId": "a-01",
		"_type": "block",
		"_classes": "inverted",
		"_trackingId": 14,
		"_trickle": {
			"_isEnabled":false
		}
	},
	{
		"_id": "b-100",
		"_parentId": "a-01",
		"_type": "block",
		"_classes": "",
		"_trackingId": 15,
		"_trickle": {
			"_isEnabled":false
		}
	},
	{
		"_id": "b-110",
		"_parentId": "a-01",
		"_type": "block",
		"_classes": "inverted section-banner",
		"_trackingId": 16,
		"_trickle": {
			"_isEnabled":false
		}
	},
	{
		"_id": "b-120",
		"_parentId": "a-01",
		"_type": "block",
		"_classes": "",
		"_trackingId": 17,
		"_trickle": {
			"_isEnabled":false
		}
	},
	{
		"_id": "b-125",
		"_parentId": "a-01",
		"_type": "block",
		"_classes": "inverted",
		"_trackingId": 18,
		"_trickle": {
			"_isEnabled":false
		}
	},
	{
		"_id": "b-130",
		"_parentId": "a-01",
		"_type": "block",
		"_classes": "",
		"_trackingId": 19,
		"_trickle": {
			"_isEnabled":false
		}
	},
	{
		"_id": "b-150",
		"_parentId": "a-01",
		"_type": "block",
		"_classes": "summary",
		"_trackingId": 20,
		"_trickle": {
			"_isEnabled":false
		}
	}
]
