{
  "_id": "course",
  "_type": "course",
  "title": "Open Data in Practice",
  "displayTitle": "Open Data in Practice",
  "format": "course",
  "_buttons": {
    "submit": "Submit",
    "reset": "Reset",
    "showCorrectAnswer": "Model Answer",
    "hideCorrectAnswer": "My Answer"
  },
  "_latestTrackingId": 13,
  "_learningOutcomes": [
    {
      "outcome": "Identify the stages and time requirements of an investigative open data project",
      "credits": 5,
      "badge": "strategist"
    },
    {
      "outcome": "Identify a number of different errors that exist in data",
      "credits": 5,
      "badge": "practitioner"
    },
    {
      "outcome": "Clean a dataset",
      "credits": 15,
      "badge": "practitioner"
    },
    {
      "outcome": "Enrich a dataset with available open data",
      "credits": 15,
      "badge": "practitioner"
    },
    {
      "outcome": "Evaluate how emerging technologies can promote fast innovation and enable required change in business models",
      "credits": 10,
      "badge": "strategist"
    },
    {
      "outcome": "Describe the key benefits of visualising open data",
      "credits": 5,
      "badge": "strategist"
    },
    {
      "outcome": "Describe a number of key data visualisations",
      "credits": 5,
      "badge": "strategist"
    },
    {
      "outcome": "Differentiate between the various goals of visualising open data",
      "credits": 5,
      "badge": "strategist"
    },
    {
      "outcome": "Select the appropriate set of goals for specific open data visulisations",
      "credits": 5,
      "badge": "strategist"
    },
    {
      "outcome": "Describe a number of techniques for visulising different formats and structures of data",
      "credits": 5,
      "badge": "strategist"
    },
    {
      "outcome": "Describe the role of cognitive science in data visualisation",
      "credits": 10,
      "badge": "strategist"
    },
    {
      "outcome": "Critically evaluate how the human brain interprets information presented visually",
      "credits": 10,
      "badge": "strategist"
    },
    {
      "outcome": "Evaluate the effectiveness of 'pop-outs' in data visulisation",
      "credits": 10,
      "badge": "strategist"
    },
    {
      "outcome": "Evaluate the use of colour in visualising data",
      "credits": 10,
      "badge": "strategist"
    },
    {
      "outcome": "Describe the problems and potential solutions for visualising high-dimension datasets",
      "credits": 5,
      "badge": "strategist"
    },
    {
      "outcome": "Describe the techniques for visualising temporal data",
      "credits": 5,
      "badge": "strategist"
    },
    {
      "outcome": "Apply your knowledge of visualisation techniques to identify those which deliberately attempt to mislead their audience",
      "credits": 10,
      "badge": "strategist"
    },
    {
      "outcome": "Create a heatmap visulisation of education open data",
      "credits": 10,
      "badge": "practitioner"
    },
    {
      "outcome": "Create an interactive spatial visulisation of open election data",
      "credits": 10,
      "badge": "practitioner"
    },
    {
      "outcome": "Create an interactive treemap visualisation for open spending data",
      "credits": 15,
      "badge": "practitioner"
    }
  ],
  "_resources": [
    {
      "title": "Modules",
      "description": "Switch to another module",
      "_filterButtons": {
        "all": "All",
        "document": "PDF",
        "media": "Media",
        "link": "Link"
      },
      "_resourcesItems": [
        {
          "_type": "link",
          "_local": "true",
          "title": "<span class='side-single-title'>Main menu</span>",
          "_link": "../index.html"
        },
        {
          "_type": "link",
          "_local": "true",
          "title": "Open data essentials",
          "description": "The essentials of open data",
          "_link": "../InADay/"
        },
        {
          "_type": "link",
          "_local": "true",
          "title": "Practical publication",
          "description": "Get open data online and usable",
          "_link": "../inpractice1/"
        },
        {
          "_type": "link",
          "_local": "true",
          "title": "Visualisation and communication",
          "description": "Create impact with open data",
          "_link": "../inpractice3/"
        }
      ]
    },
    {
      "title": "Slides and exercises",
      "description": "Access key course materials",
      "_filterButtons": {
        "all": "All",
        "document": "PDF",
        "media": "Media",
        "link": "Link"
      },
      "_resourcesItems": [
        {
          "_type": "link",
          "title": "Visualising open data",
          "description": "Introduction to information graphics and data visualisation",
          "_link": "course/en/slides/Visualisaion_Communication.pdf"
        }
      ]
    },
    {
      "title": "Open Refine Servers",
      "description": "Click here to access the open refine servers needed for the cleaning exercise.",
      "_filterButtons": {
        "all": "All",
        "document": "PDF",
        "media": "Media",
        "link": "Link"
      },
      "_resourcesItems": [
        {
          "_type": "link",
          "title": "No servers online",
          "description": "No serviers found, please try refreshing",
          "_link": "#"
        }
      ]
    },
    {
      "title": "Links and resources",
      "description": "Examples and links for course",
      "_filterButtons": {
        "all": "All",
        "document": "PDF",
        "media": "Media",
        "link": "Link"
      },
      "_resourcesItems": [
        {
          "_type": "link",
          "title": "Open Refine",
          "description": "The Open Refine tool is a powerful tool for cleaning messy data",
          "_link": "http://openrefine.org/download.html"
        },
        {
          "_type": "link",
          "title": "CSVLint",
          "description": "CSVLint helps you to check that your CSV open data file is readable",
          "_link": "http://csvlint.io/"
        },
        {
          "_type": "link",
          "title": "CSV Dataset Health Checker",
          "description": "The CSV Dataset Health Checker is a simple way to check how many variations a CSV open dataset has gone through and whether all of the files are the same or different",
          "_link": "http://theodi.github.io/csv-dataset-validator/"
        },
        {
          "_type": "link",
          "title": "JSONLint",
          "description": "JSONLint helps you to check that your JSON open data file is readable",
          "_link": "http://jsonlint.com/"
        },
        {
          "_type": "link",
          "title": "Flight patterns",
          "description": "Aaron Koblin's flight patterns visualisation",
          "_link": "http://www.aaronkoblin.com/work/flightpatterns/"
        },
        {
          "_type": "link",
          "title": "Course bibliogrphy",
          "description": "See the books used to help put this course together",
          "_link": "http://training.theodi.org/Bibliography/"
        }
      ]
    },
    {
      "title": "Credits and attribution",
      "description": "View attribution for licensed content",
      "_filterButtons": {
        "all": "All",
        "document": "PDF",
        "media": "Media",
        "link": "Link"
      },
      "_resourcesItems": [
        {
          "_type": "link",
          "title": "Data cleaning",
          "description": "Source: Shutterstock<br/>Credit: Amy Walters<br/>Licence: Shutterstock Standard License",
          "_link": "http://www.shutterstock.com/pic-23541922"
        },
        {
          "_type": "link",
          "title": "Common errors in data",
          "description": "Source: Shutterstock<br/>Credit: Kirill_M<br/>Licence: ",
          "_link": "http://www.shutterstock.com/pic-232737427"
        },
        {
          "_type": "link",
          "title": "Data cleaning",
          "description": "Source: Shutterstock<br/>Credit: Amy Walters<br/>Licence: Shutterstock Standard License",
          "_link": "http://www.shutterstock.com/pic-23541922"
        },
        {
          "_type": "link",
          "title": "Enriching data",
          "description": "Source: Shutterstock<br/>Credit: mini.fini<br/>Licence: Shutterstock standard license",
          "_link": "http://www.shutterstock.com/pic-113103805"
        },
        {
          "_type": "link",
          "title": "Stock vectors globe",
          "description": "Source: Shutterstock<br/>Credit: David Arts<br/>Licence: Shutterstock standard license",
          "_link": "http://www.shutterstock.com/pic-144137602"
        },
        {
          "_type": "link",
          "title": "Terroism deaths versus gun-related deaths in the US",
          "description": "Source: Unclear<br/>Credit: The Independent<br/>Licence: ",
          "_link": "http://www.independent.co.uk/news/world/oregon-college-shooting-obama-is-right-that-guns-kill-more-americans-than-terrorism-but-so-do-lots-a6676366.html"
        },
        {
          "_type": "link",
          "title": "Napolean's march to Moscow",
          "description": "Source: Unclear<br/>Credit: Charles Joseph Minard<br/>Licence: ",
          "_link": "http://www.edwardtufte.com/tufte/posters"
        },
        {
          "_type": "link",
          "title": "Visual perception",
          "description": "Source: Unclear<br/>Credit: Selket<br/>Licence: ",
          "_link": "https://en.wikipedia.org/wiki/Visual_perception#/media/File:Ventral-dorsal_streams.svg"
        },
        {
          "_type": "link",
          "title": "TGV express train",
          "description": "Source: Unclear<br/>Credit: E.J. Marey 1885<br/>Licence: ",
          "_link": "E.J. Marey 1885"
        },
        {
          "_type": "link",
          "title": "How to survive a plane crash",
          "description": "Source: Unclear<br/>Credit: Telegraph UK<br/>Licence: ",
          "_link": "http://www.telegraph.co.uk/travel/travelnews/4269453/How-to-survive-a-plane-crash.html"
        },
        {
          "_type": "link",
          "title": "Strike law: do the maths",
          "description": "Source: Unclear<br/>Credit: The Mirror (ampp3d)<br/>Licence: ",
          "_link": "http://www.mirror.co.uk/news/ampp3d/conservatives-strike-law-unions-5689015"
        },
        {
          "_type": "link",
          "title": "iPhone vs Microsoft (revenue)",
          "description": "Source: Unclear<br/>Credit: Business Insider / David Tarrant<br/>Licence: ",
          "_link": "http://www.businessinsider.com/iphone-bigger-than-microsoft-2012-2?IR=T"
        },
        {
          "_type": "link",
          "title": "Motor City Mapping",
          "description": "Source: Unclear<br/>Credit: Loveland technologies<br/>Licence: ",
          "_link": "https://highland-park.motorcitymapping.org/#t=search&s=highland-park&f=all&p=5339"
        },
        {
          "_type": "link",
          "title": "Interactive startup founders",
          "description": "Source: Unclear<br/>Credit: Pitchbook<br/>Licence: ",
          "_link": "http://dataviz.pitchbook.com/founders/"
        },
        {
          "_type": "link",
          "title": "Summary icon clipboard",
          "description": "Source: Shutterstock<br/>Credit: Kritchanut<br/>Licence: Shutterstock Standard License",
          "_link": "http://www.shutterstock.com/pic-189810137.html"
        },
        {
          "_type": "link",
          "title": "Open Data Institute logo",
          "description": "Source: The Open Data Institute<br/>Credit: The Open Data Institute<br/>Licence: All rights reserved",
          "_link": "http://theodi.org"
        }
      ]
    },
    {
      "title": "Open data",
      "description": "Download and use module content",
      "_filterButtons": {
        "all": "All",
        "document": "PDF",
        "media": "Media",
        "link": "Link"
      },
      "_resourcesItems": [
        {
          "_type": "link",
          "title": "<div align='center'><img class='download-image' src='adapt/css/assets/download.png'><p class='downloadp'>Download menu data</p></div>",
          "description": "",
          "_link": "course/en/components.json"
        },
        {
          "_type": "link",
          "title": "<div align='center'><img class='download-image' src='adapt/css/assets/download.png'><p class='downloadp'>Download sidebar data</p></div>",
          "description": "",
          "_link": "course/en/course.json"
        },
        {
          "_type": "link",
          "title": "Open data certificate",
          "description": "<span class='open-data-certificate'><img alt='Badge' src='adapt/css/assets/badge.png'/><ul class='open-data-certificate-details'> <li> <span>Open: ODI eLearning Data</span> </li> <li> <span>Pilot Open Data Certificate (final)</span> </li> <li> <span>Active - self certified</span> </li> </ul> </span>",
          "_link": "https://certificates.theodi.org/datasets/25215/certificate"
        },
        {
          "_type": "link",
          "title": "Open licence",
          "description": "<div align='center'><img alt='Creative Commons Licence' style='border-width:0' src='https://i.creativecommons.org/l/by-sa/4.0/88x31.png' /></div><br /><span xmlns:dct='http://purl.org/dc/terms/' property='dct:title'>Learning open data</span> by <span xmlns:cc='http://creativecommons.org/ns# property='cc:attributionName'>Open Data Institute</span> is licensed under a Creative Commons Attribution-ShareAlike 4.0 International License.",
          "_link": "http://creativecommons.org/licenses/by-sa/4.0/"
        },
        {
          "title": "Content usage",
          "description": "The content, including text and structure is available for you to <em>use</em>, <em>reuse</em> and <em>share</em> (including for commercial purposes) subject to the conditions of the license above."
        },
        {
          "title": "Exclusions",
          "description": "This license does not cover: <ul><li>Logos and trade marks belonging to the Open Data Institute</li><li>Third party content (such as images)</li></ul>"
        },
        {
          "title": "Non-endorsement",
          "description": "This licence does not grant you any right to use the Information in a way that suggests any official status or that the Information Provider and/or Licensor endorse you or your use of the Information."
        },
        {
          "title": "No warranty",
          "description": "The Information is licensed 'as is'. The Open Data Institute is not liable for any errors or omissions in the Information and shall not be liable for any loss, injury or damage of any kind caused by its use. The Information Provider does not guarantee the continued supply of the Information."
        }
      ]
    },
    {
      "title": "About",
      "description": "Discover how this learning was created",
      "_filterButtons": {
        "all": "All",
        "document": "PDF",
        "media": "Media",
        "link": "Link"
      },
      "_resourcesItems": [
        {
          "_type": "link",
          "title": "ODI Training Team",
          "description": "<div align='center'><img alt='ODI' style='border-width:0' src='adapt/css/assets/odi-logo.png' /></div><br />Expert knowledge, content development and learning plans provided by the by <span xmlns:cc='http://creativecommons.org/ns# property='cc:attributionName'>Open Data Institute</span> training team.",
          "_link": "http://theodi.org/training_team"
        },
        {
          "_type": "link",
          "title": "Sponge UK",
          "description": "<div align='center'><img alt='Sponge UK' style='border-width:0' src='adapt/css/assets/sponge.png' /></div><br />Learning solutions, content production and eLearning expertise provided by <span xmlns:cc='http://creativecommons.org/ns# property='cc:attributionName'>Sponge UK</span>.",
          "_link": "http://www.spongeuk.com"
        },
        {
          "_type": "link",
          "title": "Adapt learning",
          "description": "<div align='center'><img alt='Adapt learning' style='border-width:0' src='adapt/css/assets/adapt.png' /></div><br />Open source learning platform developed by <span xmlns:cc='http://creativecommons.org/ns# property='cc:attributionName'>Adapt learning</span>.",
          "_link": "https://community.adaptlearning.org/"
        }
      ]
    }
  ]
}