[
    {
        "_id": "b-01",
        "_parentId": "a-01",
        "_type": "block",
        "_classes": "",
        "_trackingId": 0,
        "_trickle": {
            "_isEnabled":false,
            "button": "Continue"
        }
    },
    {
        "_id": "b-02",
        "_parentId": "a-01",
        "_type": "block",
        "_classes": "",
        "_trackingId": 0,
        "_trickle": {
            "_isEnabled":false,
            "button": "Continue"
        }
    },
    {
        "_id": "b-10",
        "_parentId": "a-01",
        "_type": "block",
        "_classes": "inverted",
        "_trackingId": 1,
        "_trickle": {
            "_isEnabled":false,
            "button": "Continue"
        }
    },
    {
        "_id": "b-28",
        "_parentId": "a-01",
        "_type": "block",
        "_classes": "",
        "_trackingId": 4,
        "_trickle": {
            "_isEnabled":false,
            "button": "Continue"
        }
    },
    {
        "_id": "b-150",
        "_parentId": "a-01",
        "_type": "block",
        "_classes": "summary",
        "_trackingId": 14,
        "_trickle": {
            "_isEnabled":false,
            "button": "Continue"
        }
    }
]
